<resources>
    <string name="app_name">Português Corrija</string>
    <string name="action_settings">Settings</string>
	<string name="BotaoIniciar">Iniciar</string>
	<string name="BotaoSobre">Sobre</string>
	<string name="BotaoSair">Sair</string>
	<string name="HoraInicial">Hora de Início: </string>
	<string name="HoraFinal">- Hora Final: </string>
	<string name="LetraClicar">Clique em uma das letras abaixo para formar a palavra </string>
	<string name="LetraClicarOpcoes">Opções: </string>
	<string name="Acertos">Acertos: </string>
	<string name="Erros"> - Erros:</string>
	<string name="Titulo">Português Corrija</string>
</resources>
